starttime	seconds	ctime	dtime	ttime	wait
Sat Jul 11 15:21:22 2026	1783758082	0	85	85	73
Sat Jul 11 15:21:22 2026	1783758082	2	85	87	70
Sat Jul 11 15:21:22 2026	1783758082	0	92	92	79
Sat Jul 11 15:21:22 2026	1783758082	0	116	116	87
Sat Jul 11 15:21:22 2026	1783758082	0	120	120	88
Sat Jul 11 15:21:22 2026	1783758082	0	145	145	122
Sat Jul 11 15:21:22 2026	1783758082	0	189	189	162
Sat Jul 11 15:21:22 2026	1783758082	0	205	205	170
Sat Jul 11 15:21:22 2026	1783758082	0	219	219	184
Sat Jul 11 15:22:02 2026	1783758122	0	231	231	210
Sat Jul 11 15:21:46 2026	1783758106	0	232	232	217
Sat Jul 11 15:21:42 2026	1783758102	1	235	236	208
Sat Jul 11 15:22:02 2026	1783758122	1	238	239	205
Sat Jul 11 15:22:02 2026	1783758122	0	248	248	229
Sat Jul 11 15:21:43 2026	1783758103	0	251	251	212
Sat Jul 11 15:21:49 2026	1783758109	1	252	253	216
Sat Jul 11 15:21:22 2026	1783758082	2	253	254	181
Sat Jul 11 15:22:02 2026	1783758122	0	258	258	238
Sat Jul 11 15:22:02 2026	1783758122	0	259	259	234
Sat Jul 11 15:21:42 2026	1783758102	3	257	261	233
Sat Jul 11 15:22:02 2026	1783758122	1	260	261	239
Sat Jul 11 15:21:56 2026	1783758116	2	261	263	229
Sat Jul 11 15:21:50 2026	1783758110	0	266	266	242
Sat Jul 11 15:22:02 2026	1783758122	1	266	267	236
Sat Jul 11 15:21:49 2026	1783758109	1	266	267	237
Sat Jul 11 15:21:42 2026	1783758102	0	268	268	239
Sat Jul 11 15:22:02 2026	1783758122	2	268	270	230
Sat Jul 11 15:22:02 2026	1783758122	1	269	270	250
Sat Jul 11 15:21:38 2026	1783758098	1	269	271	214
Sat Jul 11 15:21:54 2026	1783758114	2	269	271	235
Sat Jul 11 15:22:02 2026	1783758122	1	271	272	246
Sat Jul 11 15:21:50 2026	1783758110	2	271	273	235
Sat Jul 11 15:22:02 2026	1783758122	2	273	274	242
Sat Jul 11 15:21:50 2026	1783758110	0	275	275	250
Sat Jul 11 15:21:51 2026	1783758111	1	274	275	241
Sat Jul 11 15:21:42 2026	1783758102	0	277	277	236
Sat Jul 11 15:21:47 2026	1783758107	0	277	277	238
Sat Jul 11 15:21:54 2026	1783758114	1	277	278	240
Sat Jul 11 15:21:54 2026	1783758114	1	277	278	246
Sat Jul 11 15:21:41 2026	1783758101	0	279	279	239
Sat Jul 11 15:21:54 2026	1783758114	1	278	279	251
Sat Jul 11 15:22:02 2026	1783758122	1	280	280	227
Sat Jul 11 15:21:49 2026	1783758109	0	280	280	250
Sat Jul 11 15:21:41 2026	1783758101	1	280	281	235
Sat Jul 11 15:21:42 2026	1783758102	0	281	281	247
Sat Jul 11 15:21:42 2026	1783758102	0	282	282	242
Sat Jul 11 15:21:46 2026	1783758106	0	283	283	242
Sat Jul 11 15:21:42 2026	1783758102	1	283	284	257
Sat Jul 11 15:22:02 2026	1783758122	1	283	284	258
Sat Jul 11 15:22:02 2026	1783758122	2	283	284	234
Sat Jul 11 15:21:48 2026	1783758108	1	284	285	267
Sat Jul 11 15:21:54 2026	1783758114	2	285	287	257
Sat Jul 11 15:22:02 2026	1783758122	1	286	287	239
Sat Jul 11 15:21:50 2026	1783758110	0	288	288	249
Sat Jul 11 15:21:54 2026	1783758114	1	288	289	245
Sat Jul 11 15:21:56 2026	1783758116	2	288	289	245
Sat Jul 11 15:21:43 2026	1783758103	2	288	289	270
Sat Jul 11 15:21:39 2026	1783758099	1	289	290	265
Sat Jul 11 15:21:54 2026	1783758114	0	290	290	260
Sat Jul 11 15:21:55 2026	1783758115	1	290	291	242
Sat Jul 11 15:21:43 2026	1783758103	1	290	291	268
Sat Jul 11 15:21:42 2026	1783758102	1	290	291	229
Sat Jul 11 15:21:41 2026	1783758101	0	291	291	251
Sat Jul 11 15:21:51 2026	1783758111	1	291	292	258
Sat Jul 11 15:22:02 2026	1783758122	0	292	292	248
Sat Jul 11 15:22:02 2026	1783758122	1	292	293	273
Sat Jul 11 15:21:46 2026	1783758106	1	292	294	241
Sat Jul 11 15:21:42 2026	1783758102	1	293	294	219
Sat Jul 11 15:21:43 2026	1783758103	1	295	295	257
Sat Jul 11 15:21:41 2026	1783758101	0	296	296	250
Sat Jul 11 15:21:46 2026	1783758106	1	295	296	260
Sat Jul 11 15:21:42 2026	1783758102	1	296	296	261
Sat Jul 11 15:21:42 2026	1783758102	2	295	297	250
Sat Jul 11 15:21:23 2026	1783758083	0	297	297	246
Sat Jul 11 15:21:56 2026	1783758116	1	297	298	281
Sat Jul 11 15:21:46 2026	1783758106	2	297	298	254
Sat Jul 11 15:21:56 2026	1783758116	2	296	298	274
Sat Jul 11 15:21:42 2026	1783758102	2	296	298	260
Sat Jul 11 15:21:48 2026	1783758108	0	299	299	249
Sat Jul 11 15:21:46 2026	1783758106	3	297	300	264
Sat Jul 11 15:21:49 2026	1783758109	2	298	300	270
Sat Jul 11 15:21:29 2026	1783758089	0	301	301	221
Sat Jul 11 15:21:46 2026	1783758106	0	301	301	233
Sat Jul 11 15:21:43 2026	1783758103	2	299	301	263
Sat Jul 11 15:21:55 2026	1783758115	0	301	301	268
Sat Jul 11 15:21:51 2026	1783758111	0	301	301	268
Sat Jul 11 15:21:48 2026	1783758108	0	302	302	266
Sat Jul 11 15:21:44 2026	1783758104	3	299	302	269
Sat Jul 11 15:21:42 2026	1783758102	1	301	302	272
Sat Jul 11 15:21:50 2026	1783758110	1	302	302	259
Sat Jul 11 15:21:28 2026	1783758088	0	303	303	255
Sat Jul 11 15:21:43 2026	1783758103	0	303	303	264
Sat Jul 11 15:21:54 2026	1783758114	4	298	303	261
Sat Jul 11 15:21:41 2026	1783758101	0	303	303	273
Sat Jul 11 15:21:49 2026	1783758109	1	302	303	276
Sat Jul 11 15:21:56 2026	1783758116	3	300	303	275
Sat Jul 11 15:21:43 2026	1783758103	1	303	303	276
Sat Jul 11 15:21:41 2026	1783758101	1	303	304	269
Sat Jul 11 15:21:22 2026	1783758082	0	304	304	263
Sat Jul 11 15:21:50 2026	1783758110	3	302	304	249
Sat Jul 11 15:21:41 2026	1783758101	1	304	305	268
Sat Jul 11 15:21:42 2026	1783758102	2	303	306	268
Sat Jul 11 15:21:45 2026	1783758105	0	306	306	262
Sat Jul 11 15:21:28 2026	1783758088	2	304	306	261
Sat Jul 11 15:21:54 2026	1783758114	1	306	307	257
Sat Jul 11 15:21:45 2026	1783758105	2	305	307	267
Sat Jul 11 15:21:45 2026	1783758105	1	306	307	260
Sat Jul 11 15:21:45 2026	1783758105	2	306	307	272
Sat Jul 11 15:21:50 2026	1783758110	1	307	307	270
Sat Jul 11 15:21:29 2026	1783758089	1	307	308	267
Sat Jul 11 15:21:48 2026	1783758108	1	308	308	270
Sat Jul 11 15:21:57 2026	1783758117	0	309	309	291
Sat Jul 11 15:21:54 2026	1783758114	0	309	309	262
Sat Jul 11 15:21:51 2026	1783758111	0	309	309	267
Sat Jul 11 15:21:45 2026	1783758105	0	310	310	237
Sat Jul 11 15:21:59 2026	1783758119	1	309	310	277
Sat Jul 11 15:21:56 2026	1783758116	2	308	310	244
Sat Jul 11 15:21:51 2026	1783758111	2	308	310	265
Sat Jul 11 15:21:46 2026	1783758106	2	309	310	274
Sat Jul 11 15:21:42 2026	1783758102	0	311	311	264
Sat Jul 11 15:21:42 2026	1783758102	0	311	311	278
Sat Jul 11 15:21:38 2026	1783758098	1	310	311	275
Sat Jul 11 15:21:49 2026	1783758109	2	309	311	259
Sat Jul 11 15:21:51 2026	1783758111	1	310	311	240
Sat Jul 11 15:21:23 2026	1783758083	0	311	311	275
Sat Jul 11 15:21:39 2026	1783758099	2	310	311	255
Sat Jul 11 15:21:42 2026	1783758102	0	311	311	272
Sat Jul 11 15:21:42 2026	1783758102	2	309	311	244
Sat Jul 11 15:21:39 2026	1783758099	1	310	311	255
Sat Jul 11 15:21:51 2026	1783758111	1	311	312	269
Sat Jul 11 15:21:43 2026	1783758103	0	312	312	271
Sat Jul 11 15:21:41 2026	1783758101	1	311	312	270
Sat Jul 11 15:21:42 2026	1783758102	1	312	312	289
Sat Jul 11 15:21:50 2026	1783758110	1	311	312	280
Sat Jul 11 15:21:43 2026	1783758103	0	313	313	275
Sat Jul 11 15:21:42 2026	1783758102	0	313	313	251
Sat Jul 11 15:21:46 2026	1783758106	1	312	313	285
Sat Jul 11 15:21:44 2026	1783758104	4	309	313	272
Sat Jul 11 15:21:44 2026	1783758104	2	311	313	283
Sat Jul 11 15:21:23 2026	1783758083	3	311	313	278
Sat Jul 11 15:21:29 2026	1783758089	1	313	314	252
Sat Jul 11 15:21:50 2026	1783758110	1	313	314	281
Sat Jul 11 15:21:54 2026	1783758114	2	312	314	261
Sat Jul 11 15:21:43 2026	1783758103	1	313	314	283
Sat Jul 11 15:21:54 2026	1783758114	2	312	314	295
Sat Jul 11 15:21:38 2026	1783758098	1	314	315	289
Sat Jul 11 15:21:44 2026	1783758104	2	313	315	282
Sat Jul 11 15:21:40 2026	1783758100	2	313	315	275
Sat Jul 11 15:22:02 2026	1783758122	2	314	315	266
Sat Jul 11 15:21:59 2026	1783758119	2	313	315	268
Sat Jul 11 15:21:50 2026	1783758110	0	315	315	288
Sat Jul 11 15:21:52 2026	1783758112	1	314	315	256
Sat Jul 11 15:22:02 2026	1783758122	2	314	316	264
Sat Jul 11 15:21:54 2026	1783758114	2	314	316	271
Sat Jul 11 15:21:54 2026	1783758114	1	315	316	224
Sat Jul 11 15:21:59 2026	1783758119	1	316	317	233
Sat Jul 11 15:21:51 2026	1783758111	1	316	317	263
Sat Jul 11 15:21:47 2026	1783758107	0	317	317	268
Sat Jul 11 15:21:52 2026	1783758112	2	315	317	254
Sat Jul 11 15:21:47 2026	1783758107	1	316	317	284
Sat Jul 11 15:21:28 2026	1783758088	1	316	317	285
Sat Jul 11 15:22:02 2026	1783758122	1	317	318	262
Sat Jul 11 15:21:44 2026	1783758104	2	316	318	281
Sat Jul 11 15:21:50 2026	1783758110	2	316	319	278
Sat Jul 11 15:21:43 2026	1783758103	2	317	319	277
Sat Jul 11 15:21:42 2026	1783758102	3	316	319	271
Sat Jul 11 15:21:38 2026	1783758098	1	319	319	264
Sat Jul 11 15:21:50 2026	1783758110	0	319	319	249
Sat Jul 11 15:21:43 2026	1783758103	1	319	319	281
Sat Jul 11 15:21:42 2026	1783758102	1	318	320	290
Sat Jul 11 15:22:02 2026	1783758122	1	319	320	275
Sat Jul 11 15:21:33 2026	1783758093	0	320	320	291
Sat Jul 11 15:21:46 2026	1783758106	0	320	320	282
Sat Jul 11 15:21:46 2026	1783758106	1	319	320	283
Sat Jul 11 15:21:22 2026	1783758082	4	316	320	266
Sat Jul 11 15:21:51 2026	1783758111	0	320	320	292
Sat Jul 11 15:22:02 2026	1783758122	1	320	321	264
Sat Jul 11 15:21:55 2026	1783758115	2	319	321	251
Sat Jul 11 15:21:43 2026	1783758103	0	321	321	295
Sat Jul 11 15:21:52 2026	1783758112	1	320	321	267
Sat Jul 11 15:22:02 2026	1783758122	1	320	321	280
Sat Jul 11 15:21:55 2026	1783758115	1	321	321	280
Sat Jul 11 15:21:54 2026	1783758114	2	319	321	280
Sat Jul 11 15:21:57 2026	1783758117	0	322	322	262
Sat Jul 11 15:21:51 2026	1783758111	2	320	322	279
Sat Jul 11 15:21:40 2026	1783758100	1	321	322	272
Sat Jul 11 15:21:45 2026	1783758105	1	321	322	293
Sat Jul 11 15:22:01 2026	1783758121	2	321	323	282
Sat Jul 11 15:21:44 2026	1783758104	1	322	323	274
Sat Jul 11 15:21:54 2026	1783758114	0	323	323	299
Sat Jul 11 15:21:50 2026	1783758110	0	323	323	287
Sat Jul 11 15:21:38 2026	1783758098	0	324	324	276
Sat Jul 11 15:21:41 2026	1783758101	1	323	324	263
Sat Jul 11 15:21:51 2026	1783758111	3	322	325	278
Sat Jul 11 15:21:45 2026	1783758105	2	323	325	292
Sat Jul 11 15:21:50 2026	1783758110	0	325	325	274
Sat Jul 11 15:21:56 2026	1783758116	0	326	326	293
Sat Jul 11 15:21:37 2026	1783758097	2	324	326	286
Sat Jul 11 15:21:47 2026	1783758107	1	325	326	255
Sat Jul 11 15:21:40 2026	1783758100	0	326	326	285
Sat Jul 11 15:21:42 2026	1783758102	1	326	327	282
Sat Jul 11 15:21:38 2026	1783758098	0	327	327	261
Sat Jul 11 15:21:42 2026	1783758102	0	327	327	292
Sat Jul 11 15:21:53 2026	1783758113	0	327	327	305
Sat Jul 11 15:21:48 2026	1783758108	1	327	327	286
Sat Jul 11 15:21:53 2026	1783758113	3	325	328	290
Sat Jul 11 15:21:29 2026	1783758089	2	326	328	287
Sat Jul 11 15:21:27 2026	1783758087	1	327	328	258
Sat Jul 11 15:21:38 2026	1783758098	0	329	329	303
Sat Jul 11 15:21:44 2026	1783758104	1	328	329	286
Sat Jul 11 15:21:23 2026	1783758083	2	327	329	266
Sat Jul 11 15:21:49 2026	1783758109	1	328	329	298
Sat Jul 11 15:21:56 2026	1783758116	0	330	330	308
Sat Jul 11 15:21:48 2026	1783758108	1	329	330	290
Sat Jul 11 15:21:23 2026	1783758083	1	329	330	290
Sat Jul 11 15:21:44 2026	1783758104	0	330	330	286
Sat Jul 11 15:21:42 2026	1783758102	1	329	330	290
Sat Jul 11 15:21:29 2026	1783758089	2	328	330	287
Sat Jul 11 15:21:42 2026	1783758102	1	329	330	285
Sat Jul 11 15:21:49 2026	1783758109	0	330	330	303
Sat Jul 11 15:21:40 2026	1783758100	1	330	331	300
Sat Jul 11 15:21:54 2026	1783758114	0	331	331	281
Sat Jul 11 15:21:48 2026	1783758108	0	331	331	278
Sat Jul 11 15:21:50 2026	1783758110	2	329	331	276
Sat Jul 11 15:21:41 2026	1783758101	0	331	331	296
Sat Jul 11 15:21:54 2026	1783758114	2	329	331	238
Sat Jul 11 15:22:02 2026	1783758122	1	331	332	288
Sat Jul 11 15:22:01 2026	1783758121	0	332	332	301
Sat Jul 11 15:21:44 2026	1783758104	1	331	332	271
Sat Jul 11 15:21:50 2026	1783758110	1	331	332	274
Sat Jul 11 15:21:45 2026	1783758105	1	332	333	288
Sat Jul 11 15:21:54 2026	1783758114	1	332	333	277
Sat Jul 11 15:21:40 2026	1783758100	0	334	334	308
Sat Jul 11 15:21:28 2026	1783758088	0	334	334	300
Sat Jul 11 15:21:52 2026	1783758112	3	331	334	305
Sat Jul 11 15:21:52 2026	1783758112	0	334	334	305
Sat Jul 11 15:21:50 2026	1783758110	2	332	334	258
Sat Jul 11 15:21:42 2026	1783758102	2	332	334	298
Sat Jul 11 15:21:40 2026	1783758100	1	333	334	274
Sat Jul 11 15:21:48 2026	1783758108	2	333	335	300
Sat Jul 11 15:21:50 2026	1783758110	0	335	335	301
Sat Jul 11 15:21:47 2026	1783758107	1	334	335	294
Sat Jul 11 15:21:42 2026	1783758102	0	335	335	287
Sat Jul 11 15:21:38 2026	1783758098	1	334	335	253
Sat Jul 11 15:21:50 2026	1783758110	0	336	336	279
Sat Jul 11 15:21:49 2026	1783758109	2	334	336	295
Sat Jul 11 15:21:59 2026	1783758119	0	337	337	295
Sat Jul 11 15:21:46 2026	1783758106	2	335	337	293
Sat Jul 11 15:21:46 2026	1783758106	0	337	337	315
Sat Jul 11 15:21:44 2026	1783758104	2	336	337	296
Sat Jul 11 15:21:40 2026	1783758100	0	338	338	302
Sat Jul 11 15:22:00 2026	1783758120	3	335	338	294
Sat Jul 11 15:22:00 2026	1783758120	4	334	338	295
Sat Jul 11 15:21:56 2026	1783758116	2	336	338	287
Sat Jul 11 15:21:46 2026	1783758106	2	336	338	309
Sat Jul 11 15:21:48 2026	1783758108	0	338	338	312
Sat Jul 11 15:21:51 2026	1783758111	2	336	338	301
Sat Jul 11 15:21:46 2026	1783758106	2	336	338	292
Sat Jul 11 15:21:44 2026	1783758104	0	338	338	281
Sat Jul 11 15:21:45 2026	1783758105	1	338	339	301
Sat Jul 11 15:21:37 2026	1783758097	0	339	339	319
Sat Jul 11 15:21:23 2026	1783758083	1	338	339	299
Sat Jul 11 15:21:48 2026	1783758108	0	340	340	311
Sat Jul 11 15:21:54 2026	1783758114	1	338	340	270
Sat Jul 11 15:21:54 2026	1783758114	1	339	340	267
Sat Jul 11 15:21:51 2026	1783758111	1	339	340	288
Sat Jul 11 15:21:27 2026	1783758087	0	340	340	298
Sat Jul 11 15:21:27 2026	1783758087	2	338	340	300
Sat Jul 11 15:21:54 2026	1783758114	2	339	341	311
Sat Jul 11 15:21:27 2026	1783758087	1	341	342	258
Sat Jul 11 15:21:29 2026	1783758089	0	342	342	301
Sat Jul 11 15:21:51 2026	1783758111	0	342	342	243
Sat Jul 11 15:21:42 2026	1783758102	1	341	342	295
Sat Jul 11 15:21:44 2026	1783758104	3	339	342	309
Sat Jul 11 15:21:44 2026	1783758104	1	341	342	312
Sat Jul 11 15:21:46 2026	1783758106	1	341	342	320
Sat Jul 11 15:21:43 2026	1783758103	1	341	342	292
Sat Jul 11 15:21:47 2026	1783758107	1	342	343	286
Sat Jul 11 15:21:59 2026	1783758119	2	341	343	281
Sat Jul 11 15:21:38 2026	1783758098	1	342	343	303
Sat Jul 11 15:21:42 2026	1783758102	0	343	343	305
Sat Jul 11 15:21:41 2026	1783758101	1	343	344	301
Sat Jul 11 15:21:43 2026	1783758103	0	344	344	316
Sat Jul 11 15:21:44 2026	1783758104	0	344	344	306
Sat Jul 11 15:21:53 2026	1783758113	0	345	345	287
Sat Jul 11 15:21:59 2026	1783758119	2	343	345	305
Sat Jul 11 15:21:40 2026	1783758100	1	345	345	311
Sat Jul 11 15:21:50 2026	1783758110	0	345	345	288
Sat Jul 11 15:21:48 2026	1783758108	0	346	346	301
Sat Jul 11 15:21:46 2026	1783758106	0	346	346	322
Sat Jul 11 15:21:44 2026	1783758104	2	344	346	309
Sat Jul 11 15:21:43 2026	1783758103	1	346	347	297
Sat Jul 11 15:21:44 2026	1783758104	3	344	347	310
Sat Jul 11 15:21:38 2026	1783758098	0	347	347	292
Sat Jul 11 15:21:47 2026	1783758107	0	347	347	301
Sat Jul 11 15:21:50 2026	1783758110	0	347	347	323
Sat Jul 11 15:21:59 2026	1783758119	0	347	347	300
Sat Jul 11 15:21:47 2026	1783758107	1	346	347	317
Sat Jul 11 15:21:38 2026	1783758098	1	347	347	319
Sat Jul 11 15:21:50 2026	1783758110	0	347	347	308
Sat Jul 11 15:21:39 2026	1783758099	1	346	348	303
Sat Jul 11 15:21:47 2026	1783758107	1	347	348	312
Sat Jul 11 15:21:34 2026	1783758094	2	346	348	291
Sat Jul 11 15:21:50 2026	1783758110	1	347	348	306
Sat Jul 11 15:21:24 2026	1783758084	1	347	348	291
Sat Jul 11 15:21:49 2026	1783758109	0	348	348	306
Sat Jul 11 15:21:43 2026	1783758103	1	347	349	300
Sat Jul 11 15:21:33 2026	1783758093	2	347	349	304
Sat Jul 11 15:21:43 2026	1783758103	2	347	349	290
Sat Jul 11 15:21:56 2026	1783758116	1	348	349	278
Sat Jul 11 15:21:44 2026	1783758104	0	349	349	319
Sat Jul 11 15:21:49 2026	1783758109	2	348	349	307
Sat Jul 11 15:21:45 2026	1783758105	1	348	349	296
Sat Jul 11 15:22:02 2026	1783758122	2	347	349	303
Sat Jul 11 15:21:53 2026	1783758113	0	350	350	322
Sat Jul 11 15:21:49 2026	1783758109	2	348	350	307
Sat Jul 11 15:21:43 2026	1783758103	1	349	350	313
Sat Jul 11 15:21:46 2026	1783758106	2	348	350	293
Sat Jul 11 15:21:44 2026	1783758104	1	349	350	292
Sat Jul 11 15:21:48 2026	1783758108	0	351	351	306
Sat Jul 11 15:21:44 2026	1783758104	0	351	351	311
Sat Jul 11 15:22:00 2026	1783758120	1	350	351	336
Sat Jul 11 15:21:56 2026	1783758116	1	350	351	324
Sat Jul 11 15:21:51 2026	1783758111	2	350	352	331
Sat Jul 11 15:21:40 2026	1783758100	2	350	352	292
Sat Jul 11 15:21:49 2026	1783758109	0	352	352	302
Sat Jul 11 15:21:48 2026	1783758108	0	352	352	305
Sat Jul 11 15:21:51 2026	1783758111	0	352	352	301
Sat Jul 11 15:21:50 2026	1783758110	2	351	353	267
Sat Jul 11 15:21:57 2026	1783758117	1	352	353	302
Sat Jul 11 15:21:37 2026	1783758097	0	353	353	314
Sat Jul 11 15:21:50 2026	1783758110	1	352	353	273
Sat Jul 11 15:21:56 2026	1783758116	0	353	353	304
Sat Jul 11 15:21:53 2026	1783758113	1	352	353	323
Sat Jul 11 15:21:51 2026	1783758111	1	353	353	296
Sat Jul 11 15:21:23 2026	1783758083	0	353	353	309
Sat Jul 11 15:21:47 2026	1783758107	3	351	353	309
Sat Jul 11 15:21:44 2026	1783758104	2	352	354	287
Sat Jul 11 15:21:49 2026	1783758109	0	354	354	318
Sat Jul 11 15:21:38 2026	1783758098	0	354	354	303
Sat Jul 11 15:21:48 2026	1783758108	3	351	354	299
Sat Jul 11 15:21:51 2026	1783758111	2	353	354	296
Sat Jul 11 15:21:49 2026	1783758109	0	354	354	290
Sat Jul 11 15:22:00 2026	1783758120	1	353	354	301
Sat Jul 11 15:21:23 2026	1783758083	2	353	355	311
Sat Jul 11 15:21:47 2026	1783758107	1	354	355	318
Sat Jul 11 15:21:29 2026	1783758089	2	354	355	327
Sat Jul 11 15:21:39 2026	1783758099	0	355	355	325
Sat Jul 11 15:21:48 2026	1783758108	2	354	356	297
Sat Jul 11 15:21:46 2026	1783758106	2	354	356	321
Sat Jul 11 15:21:57 2026	1783758117	2	354	356	319
Sat Jul 11 15:21:50 2026	1783758110	0	356	356	328
Sat Jul 11 15:21:27 2026	1783758087	1	355	356	324
Sat Jul 11 15:21:38 2026	1783758098	0	356	356	322
Sat Jul 11 15:21:44 2026	1783758104	0	356	356	291
Sat Jul 11 15:21:58 2026	1783758118	2	355	357	301
Sat Jul 11 15:21:47 2026	1783758107	1	356	357	324
Sat Jul 11 15:21:56 2026	1783758116	0	357	357	339
Sat Jul 11 15:21:54 2026	1783758114	0	357	357	290
Sat Jul 11 15:22:01 2026	1783758121	2	355	357	311
Sat Jul 11 15:21:57 2026	1783758117	0	357	357	324
Sat Jul 11 15:21:46 2026	1783758106	2	356	358	322
Sat Jul 11 15:21:24 2026	1783758084	1	357	358	329
Sat Jul 11 15:21:46 2026	1783758106	0	358	358	296
Sat Jul 11 15:21:49 2026	1783758109	0	358	358	322
Sat Jul 11 15:21:41 2026	1783758101	0	359	359	310
Sat Jul 11 15:21:51 2026	1783758111	2	357	359	309
Sat Jul 11 15:21:53 2026	1783758113	2	357	359	309
Sat Jul 11 15:21:39 2026	1783758099	2	358	359	319
Sat Jul 11 15:21:39 2026	1783758099	1	358	359	294
Sat Jul 11 15:21:47 2026	1783758107	1	359	360	300
Sat Jul 11 15:21:28 2026	1783758088	0	360	360	314
Sat Jul 11 15:21:59 2026	1783758119	0	360	360	334
Sat Jul 11 15:22:00 2026	1783758120	0	360	360	316
Sat Jul 11 15:22:01 2026	1783758121	0	360	360	318
Sat Jul 11 15:21:54 2026	1783758114	0	360	360	311
Sat Jul 11 15:22:00 2026	1783758120	1	360	361	311
Sat Jul 11 15:21:55 2026	1783758115	2	359	361	312
Sat Jul 11 15:21:29 2026	1783758089	0	361	361	335
Sat Jul 11 15:21:53 2026	1783758113	0	361	361	283
Sat Jul 11 15:21:50 2026	1783758110	1	360	361	321
Sat Jul 11 15:21:47 2026	1783758107	2	359	361	317
Sat Jul 11 15:21:40 2026	1783758100	2	359	361	331
Sat Jul 11 15:21:48 2026	1783758108	0	361	361	312
Sat Jul 11 15:21:52 2026	1783758112	0	362	362	328
Sat Jul 11 15:21:39 2026	1783758099	1	361	362	267
Sat Jul 11 15:21:40 2026	1783758100	1	361	362	306
Sat Jul 11 15:21:44 2026	1783758104	0	362	362	317
Sat Jul 11 15:21:47 2026	1783758107	1	361	362	323
Sat Jul 11 15:21:37 2026	1783758097	2	360	362	284
Sat Jul 11 15:21:33 2026	1783758093	2	361	362	311
Sat Jul 11 15:21:47 2026	1783758107	0	363	363	327
Sat Jul 11 15:21:36 2026	1783758096	2	361	363	296
Sat Jul 11 15:21:56 2026	1783758116	0	363	363	321
Sat Jul 11 15:21:42 2026	1783758102	2	362	364	309
Sat Jul 11 15:21:23 2026	1783758083	1	363	364	327
Sat Jul 11 15:21:52 2026	1783758112	1	363	364	319
Sat Jul 11 15:21:46 2026	1783758106	2	362	365	295
Sat Jul 11 15:22:00 2026	1783758120	0	365	365	312
Sat Jul 11 15:21:40 2026	1783758100	0	365	365	304
Sat Jul 11 15:21:33 2026	1783758093	1	364	365	337
Sat Jul 11 15:21:38 2026	1783758098	3	362	365	293
Sat Jul 11 15:21:52 2026	1783758112	0	365	365	330
Sat Jul 11 15:21:49 2026	1783758109	2	364	365	318
Sat Jul 11 15:21:43 2026	1783758103	2	364	366	300
Sat Jul 11 15:21:40 2026	1783758100	1	365	366	329
Sat Jul 11 15:21:40 2026	1783758100	0	366	366	296
Sat Jul 11 15:21:50 2026	1783758110	1	365	366	303
Sat Jul 11 15:21:40 2026	1783758100	2	364	366	309
Sat Jul 11 15:21:24 2026	1783758084	3	364	366	339
Sat Jul 11 15:21:56 2026	1783758116	1	366	367	333
Sat Jul 11 15:21:39 2026	1783758099	1	366	367	353
Sat Jul 11 15:21:43 2026	1783758103	1	366	367	330
Sat Jul 11 15:21:47 2026	1783758107	1	366	367	336
Sat Jul 11 15:21:43 2026	1783758103	1	366	367	313
Sat Jul 11 15:21:38 2026	1783758098	2	366	368	275
Sat Jul 11 15:21:43 2026	1783758103	1	367	368	336
Sat Jul 11 15:21:58 2026	1783758118	2	367	368	316
Sat Jul 11 15:21:39 2026	1783758099	1	367	368	329
Sat Jul 11 15:21:55 2026	1783758115	2	367	368	318
Sat Jul 11 15:21:52 2026	1783758112	1	367	368	304
Sat Jul 11 15:21:38 2026	1783758098	1	367	368	327
Sat Jul 11 15:21:58 2026	1783758118	2	367	369	342
Sat Jul 11 15:21:43 2026	1783758103	0	369	369	321
Sat Jul 11 15:21:51 2026	1783758111	2	367	369	342
Sat Jul 11 15:21:53 2026	1783758113	0	369	369	318
Sat Jul 11 15:21:43 2026	1783758103	2	367	369	352
Sat Jul 11 15:21:29 2026	1783758089	1	368	369	323
Sat Jul 11 15:21:40 2026	1783758100	2	368	369	343
Sat Jul 11 15:21:56 2026	1783758116	1	369	370	308
Sat Jul 11 15:21:33 2026	1783758093	1	369	370	325
Sat Jul 11 15:21:57 2026	1783758117	1	369	370	336
Sat Jul 11 15:22:01 2026	1783758121	0	370	370	328
Sat Jul 11 15:21:47 2026	1783758107	0	370	370	338
Sat Jul 11 15:21:56 2026	1783758116	0	370	370	337
Sat Jul 11 15:21:52 2026	1783758112	2	369	370	330
Sat Jul 11 15:21:46 2026	1783758106	0	370	370	324
Sat Jul 11 15:21:44 2026	1783758104	0	370	370	279
Sat Jul 11 15:21:55 2026	1783758115	1	369	370	337
Sat Jul 11 15:21:46 2026	1783758106	1	370	370	339
Sat Jul 11 15:21:46 2026	1783758106	2	369	371	335
Sat Jul 11 15:21:47 2026	1783758107	2	369	371	343
Sat Jul 11 15:21:51 2026	1783758111	0	371	371	305
Sat Jul 11 15:21:52 2026	1783758112	0	371	371	302
Sat Jul 11 15:21:44 2026	1783758104	1	370	371	291
Sat Jul 11 15:21:24 2026	1783758084	2	370	371	337
Sat Jul 11 15:21:55 2026	1783758115	1	370	371	326
Sat Jul 11 15:21:28 2026	1783758088	1	371	372	335
Sat Jul 11 15:21:47 2026	1783758107	2	371	373	320
Sat Jul 11 15:21:40 2026	1783758100	0	373	373	309
Sat Jul 11 15:21:28 2026	1783758088	0	373	373	340
Sat Jul 11 15:21:27 2026	1783758087	0	373	373	313
Sat Jul 11 15:21:36 2026	1783758096	1	372	373	303
Sat Jul 11 15:21:36 2026	1783758096	1	373	374	321
Sat Jul 11 15:21:45 2026	1783758105	0	374	374	328
Sat Jul 11 15:22:01 2026	1783758121	2	372	374	317
Sat Jul 11 15:22:01 2026	1783758121	1	373	374	322
Sat Jul 11 15:21:55 2026	1783758115	2	372	374	313
Sat Jul 11 15:21:47 2026	1783758107	0	374	374	318
Sat Jul 11 15:21:52 2026	1783758112	0	374	374	325
Sat Jul 11 15:21:39 2026	1783758099	1	373	374	323
Sat Jul 11 15:21:47 2026	1783758107	1	373	374	299
Sat Jul 11 15:21:37 2026	1783758097	1	374	375	334
Sat Jul 11 15:21:28 2026	1783758088	3	373	376	333
Sat Jul 11 15:21:27 2026	1783758087	2	374	376	334
Sat Jul 11 15:21:57 2026	1783758117	0	376	376	309
Sat Jul 11 15:21:40 2026	1783758100	3	374	376	340
Sat Jul 11 15:21:41 2026	1783758101	2	375	377	335
Sat Jul 11 15:21:36 2026	1783758096	3	374	377	340
Sat Jul 11 15:21:39 2026	1783758099	1	376	377	315
Sat Jul 11 15:21:35 2026	1783758095	2	376	377	332
Sat Jul 11 15:21:54 2026	1783758114	1	377	377	317
Sat Jul 11 15:21:47 2026	1783758107	1	377	377	326
Sat Jul 11 15:21:59 2026	1783758119	1	376	377	338
Sat Jul 11 15:22:01 2026	1783758121	0	377	377	328
Sat Jul 11 15:21:54 2026	1783758114	0	378	378	347
Sat Jul 11 15:21:37 2026	1783758097	1	377	378	333
Sat Jul 11 15:21:51 2026	1783758111	0	378	378	318
Sat Jul 11 15:22:01 2026	1783758121	1	377	378	311
Sat Jul 11 15:21:49 2026	1783758109	1	377	378	326
Sat Jul 11 15:21:46 2026	1783758106	0	378	378	340
Sat Jul 11 15:21:43 2026	1783758103	1	377	378	315
Sat Jul 11 15:21:44 2026	1783758104	2	377	378	322
Sat Jul 11 15:21:48 2026	1783758108	2	377	379	310
Sat Jul 11 15:21:36 2026	1783758096	1	378	379	326
Sat Jul 11 15:21:28 2026	1783758088	1	378	379	345
Sat Jul 11 15:21:49 2026	1783758109	4	375	379	328
Sat Jul 11 15:21:35 2026	1783758095	0	380	380	319
Sat Jul 11 15:21:27 2026	1783758087	2	378	380	341
Sat Jul 11 15:21:43 2026	1783758103	2	378	380	345
Sat Jul 11 15:21:38 2026	1783758098	0	380	380	302
Sat Jul 11 15:21:53 2026	1783758113	0	381	381	333
Sat Jul 11 15:21:57 2026	1783758117	2	379	381	339
Sat Jul 11 15:21:59 2026	1783758119	1	380	381	272
Sat Jul 11 15:21:56 2026	1783758116	0	381	381	323
Sat Jul 11 15:21:39 2026	1783758099	2	379	381	345
Sat Jul 11 15:21:55 2026	1783758115	0	381	381	321
Sat Jul 11 15:21:29 2026	1783758089	1	381	382	330
Sat Jul 11 15:21:43 2026	1783758103	3	380	383	330
Sat Jul 11 15:21:41 2026	1783758101	0	383	383	349
Sat Jul 11 15:21:37 2026	1783758097	2	381	383	320
Sat Jul 11 15:21:41 2026	1783758101	0	383	383	318
Sat Jul 11 15:21:40 2026	1783758100	0	383	383	323
Sat Jul 11 15:21:51 2026	1783758111	0	383	383	293
Sat Jul 11 15:22:00 2026	1783758120	1	382	384	344
Sat Jul 11 15:21:47 2026	1783758107	1	383	384	332
Sat Jul 11 15:21:58 2026	1783758118	0	384	384	353
Sat Jul 11 15:21:23 2026	1783758083	3	381	384	326
Sat Jul 11 15:21:48 2026	1783758108	1	383	384	322
Sat Jul 11 15:21:39 2026	1783758099	2	382	384	324
Sat Jul 11 15:22:02 2026	1783758122	1	383	384	340
Sat Jul 11 15:21:29 2026	1783758089	1	383	384	348
Sat Jul 11 15:22:00 2026	1783758120	1	384	385	353
Sat Jul 11 15:21:26 2026	1783758086	0	385	385	324
Sat Jul 11 15:22:01 2026	1783758121	0	385	385	339
Sat Jul 11 15:21:53 2026	1783758113	0	386	386	340
Sat Jul 11 15:21:40 2026	1783758100	2	384	386	324
Sat Jul 11 15:21:44 2026	1783758104	0	386	386	335
Sat Jul 11 15:21:24 2026	1783758084	0	386	386	357
Sat Jul 11 15:21:50 2026	1783758110	0	386	386	359
Sat Jul 11 15:21:29 2026	1783758089	1	385	386	341
Sat Jul 11 15:21:24 2026	1783758084	0	387	387	346
Sat Jul 11 15:21:51 2026	1783758111	0	388	388	293
Sat Jul 11 15:21:54 2026	1783758114	1	387	388	316
Sat Jul 11 15:21:59 2026	1783758119	0	389	389	364
Sat Jul 11 15:21:39 2026	1783758099	1	388	389	332
Sat Jul 11 15:21:36 2026	1783758096	2	387	389	322
Sat Jul 11 15:21:27 2026	1783758087	3	387	389	341
Sat Jul 11 15:21:35 2026	1783758095	1	389	390	346
Sat Jul 11 15:21:33 2026	1783758093	2	388	390	328
Sat Jul 11 15:22:01 2026	1783758121	1	390	391	335
Sat Jul 11 15:21:46 2026	1783758106	1	390	391	342
Sat Jul 11 15:21:33 2026	1783758093	1	390	391	359
Sat Jul 11 15:21:51 2026	1783758111	0	391	391	350
Sat Jul 11 15:21:23 2026	1783758083	0	391	391	347
Sat Jul 11 15:21:45 2026	1783758105	0	391	391	333
Sat Jul 11 15:21:38 2026	1783758098	1	391	392	300
Sat Jul 11 15:21:29 2026	1783758089	0	392	392	333
Sat Jul 11 15:21:51 2026	1783758111	0	392	392	351
Sat Jul 11 15:21:41 2026	1783758101	1	392	392	331
Sat Jul 11 15:21:35 2026	1783758095	0	392	392	336
Sat Jul 11 15:21:23 2026	1783758083	1	391	392	342
Sat Jul 11 15:22:00 2026	1783758120	1	391	392	340
Sat Jul 11 15:21:23 2026	1783758083	0	393	393	364
Sat Jul 11 15:21:56 2026	1783758116	2	391	393	355
Sat Jul 11 15:21:38 2026	1783758098	1	392	393	330
Sat Jul 11 15:21:59 2026	1783758119	2	391	393	343
Sat Jul 11 15:21:49 2026	1783758109	1	393	394	369
Sat Jul 11 15:21:56 2026	1783758116	1	393	394	330
Sat Jul 11 15:21:45 2026	1783758105	0	394	394	365
Sat Jul 11 15:21:38 2026	1783758098	1	394	395	365
Sat Jul 11 15:21:38 2026	1783758098	1	394	395	327
Sat Jul 11 15:21:39 2026	1783758099	2	394	395	339
Sat Jul 11 15:21:49 2026	1783758109	1	395	396	331
Sat Jul 11 15:21:59 2026	1783758119	2	394	396	354
Sat Jul 11 15:21:55 2026	1783758115	1	395	396	353
Sat Jul 11 15:22:01 2026	1783758121	0	396	396	349
Sat Jul 11 15:21:48 2026	1783758108	2	394	396	364
Sat Jul 11 15:21:35 2026	1783758095	3	393	396	317
Sat Jul 11 15:21:58 2026	1783758118	3	394	397	345
Sat Jul 11 15:21:28 2026	1783758088	2	395	397	335
Sat Jul 11 15:21:26 2026	1783758086	0	397	397	367
Sat Jul 11 15:21:58 2026	1783758118	2	395	397	307
Sat Jul 11 15:21:59 2026	1783758119	0	397	397	358
Sat Jul 11 15:21:52 2026	1783758112	2	395	397	364
Sat Jul 11 15:21:40 2026	1783758100	0	398	398	330
Sat Jul 11 15:21:59 2026	1783758119	0	398	398	356
Sat Jul 11 15:21:47 2026	1783758107	1	397	398	346
Sat Jul 11 15:21:48 2026	1783758108	0	398	398	336
Sat Jul 11 15:21:23 2026	1783758083	0	398	398	372
Sat Jul 11 15:21:30 2026	1783758090	1	397	398	359
Sat Jul 11 15:21:45 2026	1783758105	3	396	399	321
Sat Jul 11 15:21:47 2026	1783758107	1	397	399	338
Sat Jul 11 15:21:45 2026	1783758105	1	398	399	333
Sat Jul 11 15:21:35 2026	1783758095	1	399	399	300
Sat Jul 11 15:21:28 2026	1783758088	1	398	399	328
Sat Jul 11 15:21:46 2026	1783758106	0	399	399	322
Sat Jul 11 15:21:56 2026	1783758116	0	400	400	333
Sat Jul 11 15:21:51 2026	1783758111	1	399	400	361
Sat Jul 11 15:21:25 2026	1783758085	1	399	400	373
Sat Jul 11 15:21:28 2026	1783758088	0	400	400	351
Sat Jul 11 15:21:29 2026	1783758089	2	398	400	337
Sat Jul 11 15:21:44 2026	1783758104	1	399	400	295
Sat Jul 11 15:21:29 2026	1783758089	1	400	401	352
Sat Jul 11 15:21:48 2026	1783758108	3	398	401	340
Sat Jul 11 15:21:37 2026	1783758097	1	400	401	364
Sat Jul 11 15:21:34 2026	1783758094	1	400	401	308
Sat Jul 11 15:21:28 2026	1783758088	1	400	401	379
Sat Jul 11 15:21:36 2026	1783758096	3	399	402	357
Sat Jul 11 15:21:37 2026	1783758097	1	401	402	359
Sat Jul 11 15:21:42 2026	1783758102	0	402	402	306
Sat Jul 11 15:21:50 2026	1783758110	1	401	402	329
Sat Jul 11 15:22:01 2026	1783758121	1	401	402	330
Sat Jul 11 15:21:36 2026	1783758096	2	400	402	342
Sat Jul 11 15:21:39 2026	1783758099	1	401	402	334
Sat Jul 11 15:21:28 2026	1783758088	0	403	403	347
Sat Jul 11 15:21:38 2026	1783758098	0	403	403	331
Sat Jul 11 15:21:51 2026	1783758111	0	404	404	357
Sat Jul 11 15:21:53 2026	1783758113	0	405	405	355
Sat Jul 11 15:21:39 2026	1783758099	2	403	405	334
Sat Jul 11 15:21:36 2026	1783758096	2	403	405	338
Sat Jul 11 15:21:29 2026	1783758089	2	403	405	369
Sat Jul 11 15:21:38 2026	1783758098	2	404	405	364
Sat Jul 11 15:21:45 2026	1783758105	1	405	405	351
Sat Jul 11 15:21:41 2026	1783758101	0	406	406	371
Sat Jul 11 15:21:56 2026	1783758116	2	404	406	284
Sat Jul 11 15:21:35 2026	1783758095	1	405	406	320
Sat Jul 11 15:21:28 2026	1783758088	1	405	406	370
Sat Jul 11 15:21:40 2026	1783758100	0	407	407	342
Sat Jul 11 15:21:48 2026	1783758108	0	407	407	355
Sat Jul 11 15:21:45 2026	1783758105	1	407	407	369
Sat Jul 11 15:21:37 2026	1783758097	1	406	407	334
Sat Jul 11 15:21:44 2026	1783758104	0	408	408	311
Sat Jul 11 15:21:33 2026	1783758093	0	408	408	374
Sat Jul 11 15:21:36 2026	1783758096	1	407	408	381
Sat Jul 11 15:21:40 2026	1783758100	1	407	409	376
Sat Jul 11 15:21:55 2026	1783758115	2	407	409	384
Sat Jul 11 15:21:53 2026	1783758113	2	407	409	347
Sat Jul 11 15:21:37 2026	1783758097	0	409	409	361
Sat Jul 11 15:21:36 2026	1783758096	2	408	409	357
Sat Jul 11 15:21:55 2026	1783758115	2	408	410	347
Sat Jul 11 15:21:59 2026	1783758119	1	409	410	297
Sat Jul 11 15:21:50 2026	1783758110	1	409	410	360
Sat Jul 11 15:21:36 2026	1783758096	0	410	410	372
Sat Jul 11 15:21:48 2026	1783758108	2	409	411	372
Sat Jul 11 15:21:29 2026	1783758089	0	411	411	322
Sat Jul 11 15:21:52 2026	1783758112	1	410	411	374
Sat Jul 11 15:21:23 2026	1783758083	1	410	411	366
Sat Jul 11 15:21:57 2026	1783758117	2	409	411	363
Sat Jul 11 15:21:55 2026	1783758115	1	410	411	375
Sat Jul 11 15:21:43 2026	1783758103	1	410	411	352
Sat Jul 11 15:21:56 2026	1783758116	1	411	412	357
Sat Jul 11 15:21:39 2026	1783758099	1	410	412	370
Sat Jul 11 15:21:44 2026	1783758104	2	410	412	305
Sat Jul 11 15:21:27 2026	1783758087	1	412	413	376
Sat Jul 11 15:21:58 2026	1783758118	1	412	413	367
Sat Jul 11 15:21:57 2026	1783758117	0	413	413	368
Sat Jul 11 15:21:28 2026	1783758088	1	413	414	370
Sat Jul 11 15:21:23 2026	1783758083	2	412	414	374
Sat Jul 11 15:21:24 2026	1783758084	1	414	415	327
Sat Jul 11 15:21:36 2026	1783758096	0	415	415	346
Sat Jul 11 15:22:01 2026	1783758121	0	415	415	387
Sat Jul 11 15:21:36 2026	1783758096	1	414	415	374
Sat Jul 11 15:21:26 2026	1783758086	2	414	416	361
Sat Jul 11 15:21:29 2026	1783758089	0	416	416	341
Sat Jul 11 15:21:45 2026	1783758105	1	416	417	366
Sat Jul 11 15:21:45 2026	1783758105	0	417	417	383
Sat Jul 11 15:21:57 2026	1783758117	0	417	417	375
Sat Jul 11 15:21:33 2026	1783758093	1	417	418	375
Sat Jul 11 15:21:55 2026	1783758115	0	418	418	321
Sat Jul 11 15:21:59 2026	1783758119	2	416	418	333
Sat Jul 11 15:21:48 2026	1783758108	1	418	418	372
Sat Jul 11 15:21:29 2026	1783758089	0	418	418	370
Sat Jul 11 15:21:41 2026	1783758101	1	418	418	380
Sat Jul 11 15:21:45 2026	1783758105	0	418	418	376
Sat Jul 11 15:22:00 2026	1783758120	3	416	419	369
Sat Jul 11 15:22:01 2026	1783758121	0	419	419	368
Sat Jul 11 15:21:34 2026	1783758094	0	419	419	346
Sat Jul 11 15:21:48 2026	1783758108	0	419	419	396
Sat Jul 11 15:21:59 2026	1783758119	0	420	420	382
Sat Jul 11 15:21:25 2026	1783758085	2	419	420	366
Sat Jul 11 15:21:35 2026	1783758095	1	420	421	357
Sat Jul 11 15:21:53 2026	1783758113	2	419	421	366
Sat Jul 11 15:22:00 2026	1783758120	3	419	421	359
Sat Jul 11 15:21:39 2026	1783758099	1	420	421	381
Sat Jul 11 15:21:24 2026	1783758084	0	421	421	348
Sat Jul 11 15:21:33 2026	1783758093	1	421	422	347
Sat Jul 11 15:21:40 2026	1783758100	1	421	422	376
Sat Jul 11 15:22:00 2026	1783758120	2	420	422	396
Sat Jul 11 15:21:26 2026	1783758086	4	418	423	390
Sat Jul 11 15:21:39 2026	1783758099	0	423	423	391
Sat Jul 11 15:21:52 2026	1783758112	0	423	423	384
Sat Jul 11 15:21:38 2026	1783758098	1	422	423	358
Sat Jul 11 15:21:34 2026	1783758094	2	421	423	366
Sat Jul 11 15:21:23 2026	1783758083	1	422	423	381
Sat Jul 11 15:21:23 2026	1783758083	0	423	423	379
Sat Jul 11 15:21:45 2026	1783758105	2	422	423	387
Sat Jul 11 15:21:38 2026	1783758098	3	421	424	326
Sat Jul 11 15:21:56 2026	1783758116	1	424	425	384
Sat Jul 11 15:21:29 2026	1783758089	1	424	425	383
Sat Jul 11 15:21:33 2026	1783758093	1	424	425	361
Sat Jul 11 15:21:49 2026	1783758109	1	424	425	381
Sat Jul 11 15:21:32 2026	1783758092	2	424	426	377
Sat Jul 11 15:21:47 2026	1783758107	0	426	426	379
Sat Jul 11 15:21:54 2026	1783758114	2	424	426	384
Sat Jul 11 15:21:23 2026	1783758083	0	426	426	359
Sat Jul 11 15:21:58 2026	1783758118	0	427	427	375
Sat Jul 11 15:21:23 2026	1783758083	2	425	427	392
Sat Jul 11 15:21:24 2026	1783758084	1	426	427	353
Sat Jul 11 15:21:23 2026	1783758083	2	426	427	344
Sat Jul 11 15:21:37 2026	1783758097	1	426	427	397
Sat Jul 11 15:21:49 2026	1783758109	2	426	428	360
Sat Jul 11 15:21:23 2026	1783758083	1	427	428	383
Sat Jul 11 15:21:35 2026	1783758095	1	427	428	368
Sat Jul 11 15:21:25 2026	1783758085	1	427	428	386
Sat Jul 11 15:22:00 2026	1783758120	0	429	429	339
Sat Jul 11 15:21:29 2026	1783758089	1	428	429	352
Sat Jul 11 15:21:54 2026	1783758114	2	427	429	399
Sat Jul 11 15:21:52 2026	1783758112	0	429	429	379
Sat Jul 11 15:21:52 2026	1783758112	1	428	429	379
Sat Jul 11 15:21:55 2026	1783758115	1	428	429	346
Sat Jul 11 15:21:33 2026	1783758093	1	428	430	386
Sat Jul 11 15:21:34 2026	1783758094	1	429	430	347
Sat Jul 11 15:21:38 2026	1783758098	0	430	430	374
Sat Jul 11 15:21:24 2026	1783758084	1	429	430	392
Sat Jul 11 15:21:59 2026	1783758119	1	430	431	365
Sat Jul 11 15:22:00 2026	1783758120	2	429	431	399
Sat Jul 11 15:21:36 2026	1783758096	3	428	431	405
Sat Jul 11 15:21:35 2026	1783758095	1	430	431	380
Sat Jul 11 15:21:55 2026	1783758115	1	431	431	379
Sat Jul 11 15:21:39 2026	1783758099	0	431	431	383
Sat Jul 11 15:21:28 2026	1783758088	1	431	431	375
Sat Jul 11 15:21:34 2026	1783758094	0	432	432	395
Sat Jul 11 15:21:55 2026	1783758115	1	431	432	350
Sat Jul 11 15:21:34 2026	1783758094	1	431	432	360
Sat Jul 11 15:21:49 2026	1783758109	1	431	432	395
Sat Jul 11 15:21:34 2026	1783758094	3	430	433	389
Sat Jul 11 15:21:29 2026	1783758089	1	432	433	401
Sat Jul 11 15:21:30 2026	1783758090	2	432	433	335
Sat Jul 11 15:21:33 2026	1783758093	0	433	433	337
Sat Jul 11 15:21:37 2026	1783758097	0	433	433	385
Sat Jul 11 15:21:33 2026	1783758093	1	433	434	391
Sat Jul 11 15:21:33 2026	1783758093	1	433	434	352
Sat Jul 11 15:21:36 2026	1783758096	1	433	434	366
Sat Jul 11 15:21:57 2026	1783758117	0	434	434	403
Sat Jul 11 15:21:52 2026	1783758112	2	433	435	364
Sat Jul 11 15:21:28 2026	1783758088	2	433	435	369
Sat Jul 11 15:21:52 2026	1783758112	1	434	435	291
Sat Jul 11 15:21:56 2026	1783758116	1	434	435	373
Sat Jul 11 15:21:57 2026	1783758117	1	434	435	400
Sat Jul 11 15:21:33 2026	1783758093	1	434	435	398
Sat Jul 11 15:21:43 2026	1783758103	1	435	436	359
Sat Jul 11 15:22:00 2026	1783758120	1	435	436	403
Sat Jul 11 15:21:59 2026	1783758119	2	435	437	400
Sat Jul 11 15:21:39 2026	1783758099	2	435	437	359
Sat Jul 11 15:22:00 2026	1783758120	3	434	437	404
Sat Jul 11 15:21:29 2026	1783758089	1	437	437	376
Sat Jul 11 15:21:57 2026	1783758117	0	437	437	371
Sat Jul 11 15:21:24 2026	1783758084	2	436	438	367
Sat Jul 11 15:21:58 2026	1783758118	0	439	439	384
Sat Jul 11 15:21:36 2026	1783758096	1	438	440	367
Sat Jul 11 15:21:29 2026	1783758089	1	439	440	380
Sat Jul 11 15:21:56 2026	1783758116	0	440	440	392
Sat Jul 11 15:21:45 2026	1783758105	0	440	440	407
Sat Jul 11 15:21:52 2026	1783758112	1	440	441	388
Sat Jul 11 15:21:53 2026	1783758113	1	440	442	403
Sat Jul 11 15:21:41 2026	1783758101	1	441	442	399
Sat Jul 11 15:21:40 2026	1783758100	1	441	442	331
Sat Jul 11 15:21:59 2026	1783758119	1	441	442	395
Sat Jul 11 15:21:36 2026	1783758096	1	442	443	344
Sat Jul 11 15:21:41 2026	1783758101	0	443	443	402
Sat Jul 11 15:21:45 2026	1783758105	1	442	443	348
Sat Jul 11 15:21:24 2026	1783758084	3	440	443	384
Sat Jul 11 15:21:40 2026	1783758100	1	443	444	331
Sat Jul 11 15:21:51 2026	1783758111	1	444	445	315
Sat Jul 11 15:21:33 2026	1783758093	0	445	445	383
Sat Jul 11 15:21:27 2026	1783758087	1	444	445	388
Sat Jul 11 15:21:37 2026	1783758097	0	445	445	381
Sat Jul 11 15:21:49 2026	1783758109	2	445	446	373
Sat Jul 11 15:21:57 2026	1783758117	1	446	447	389
Sat Jul 11 15:21:29 2026	1783758089	1	446	447	378
Sat Jul 11 15:21:47 2026	1783758107	2	445	447	386
Sat Jul 11 15:22:00 2026	1783758120	0	448	448	413
Sat Jul 11 15:21:59 2026	1783758119	1	447	448	398
Sat Jul 11 15:21:59 2026	1783758119	2	446	448	404
Sat Jul 11 15:21:33 2026	1783758093	1	447	448	335
Sat Jul 11 15:21:35 2026	1783758095	1	447	448	403
Sat Jul 11 15:21:53 2026	1783758113	0	448	448	334
Sat Jul 11 15:21:38 2026	1783758098	5	444	448	381
Sat Jul 11 15:21:37 2026	1783758097	1	447	448	413
Sat Jul 11 15:21:37 2026	1783758097	0	449	449	350
Sat Jul 11 15:21:25 2026	1783758085	2	447	449	364
Sat Jul 11 15:21:26 2026	1783758086	2	447	449	393
Sat Jul 11 15:21:39 2026	1783758099	1	449	449	361
Sat Jul 11 15:21:34 2026	1783758094	1	449	450	404
Sat Jul 11 15:21:35 2026	1783758095	1	449	450	374
Sat Jul 11 15:21:25 2026	1783758085	2	449	451	391
Sat Jul 11 15:21:24 2026	1783758084	1	451	452	389
Sat Jul 11 15:21:24 2026	1783758084	1	451	452	377
Sat Jul 11 15:22:01 2026	1783758121	1	451	452	413
Sat Jul 11 15:21:32 2026	1783758092	2	452	453	395
Sat Jul 11 15:21:48 2026	1783758108	0	454	454	382
Sat Jul 11 15:21:56 2026	1783758116	2	452	454	404
Sat Jul 11 15:21:45 2026	1783758105	2	453	455	363
Sat Jul 11 15:21:27 2026	1783758087	1	454	455	406
Sat Jul 11 15:21:55 2026	1783758115	1	454	455	377
Sat Jul 11 15:21:57 2026	1783758117	2	454	455	415
Sat Jul 11 15:21:27 2026	1783758087	2	454	455	395
Sat Jul 11 15:21:24 2026	1783758084	2	454	456	379
Sat Jul 11 15:21:33 2026	1783758093	0	456	456	373
Sat Jul 11 15:21:25 2026	1783758085	1	456	457	381
Sat Jul 11 15:21:59 2026	1783758119	1	457	458	404
Sat Jul 11 15:21:52 2026	1783758112	1	457	458	415
Sat Jul 11 15:21:24 2026	1783758084	1	457	458	403
Sat Jul 11 15:21:53 2026	1783758113	0	458	458	410
Sat Jul 11 15:21:38 2026	1783758098	0	459	459	373
Sat Jul 11 15:21:30 2026	1783758090	1	458	459	390
Sat Jul 11 15:21:32 2026	1783758092	2	458	460	400
Sat Jul 11 15:21:53 2026	1783758113	2	458	460	398
Sat Jul 11 15:22:01 2026	1783758121	1	460	461	423
Sat Jul 11 15:21:35 2026	1783758095	0	463	463	438
Sat Jul 11 15:21:41 2026	1783758101	2	463	464	415
Sat Jul 11 15:21:52 2026	1783758112	3	462	464	379
Sat Jul 11 15:21:28 2026	1783758088	1	464	465	398
Sat Jul 11 15:21:53 2026	1783758113	2	464	466	405
Sat Jul 11 15:21:23 2026	1783758083	2	464	466	412
Sat Jul 11 15:21:34 2026	1783758094	1	465	466	388
Sat Jul 11 15:21:52 2026	1783758112	2	465	467	418
Sat Jul 11 15:21:24 2026	1783758084	2	466	468	441
Sat Jul 11 15:21:53 2026	1783758113	0	468	468	356
Sat Jul 11 15:21:49 2026	1783758109	1	467	468	399
Sat Jul 11 15:21:54 2026	1783758114	1	468	469	374
Sat Jul 11 15:22:00 2026	1783758120	2	467	469	390
Sat Jul 11 15:21:39 2026	1783758099	2	468	470	414
Sat Jul 11 15:22:00 2026	1783758120	0	470	470	426
Sat Jul 11 15:21:27 2026	1783758087	2	468	470	441
Sat Jul 11 15:21:34 2026	1783758094	1	469	471	419
Sat Jul 11 15:21:33 2026	1783758093	0	471	471	384
Sat Jul 11 15:21:52 2026	1783758112	0	471	471	429
Sat Jul 11 15:21:25 2026	1783758085	0	472	472	433
Sat Jul 11 15:21:24 2026	1783758084	1	471	472	430
Sat Jul 11 15:21:57 2026	1783758117	0	472	472	429
Sat Jul 11 15:21:26 2026	1783758086	1	472	472	428
Sat Jul 11 15:21:27 2026	1783758087	2	471	473	380
Sat Jul 11 15:21:53 2026	1783758113	2	471	473	418
Sat Jul 11 15:21:34 2026	1783758094	1	473	474	380
Sat Jul 11 15:21:49 2026	1783758109	1	473	474	447
Sat Jul 11 15:21:53 2026	1783758113	0	474	474	425
Sat Jul 11 15:21:25 2026	1783758085	0	475	475	421
Sat Jul 11 15:21:25 2026	1783758085	0	475	475	412
Sat Jul 11 15:21:35 2026	1783758095	2	473	475	435
Sat Jul 11 15:21:52 2026	1783758112	2	473	475	420
Sat Jul 11 15:21:58 2026	1783758118	1	474	475	395
Sat Jul 11 15:21:55 2026	1783758115	1	475	476	406
Sat Jul 11 15:21:41 2026	1783758101	1	476	477	426
Sat Jul 11 15:21:41 2026	1783758101	1	476	477	385
Sat Jul 11 15:21:33 2026	1783758093	1	478	478	415
Sat Jul 11 15:21:34 2026	1783758094	1	478	479	373
Sat Jul 11 15:21:37 2026	1783758097	2	477	479	407
Sat Jul 11 15:21:58 2026	1783758118	0	480	480	425
Sat Jul 11 15:21:27 2026	1783758087	1	479	480	444
Sat Jul 11 15:21:32 2026	1783758092	2	479	481	415
Sat Jul 11 15:21:26 2026	1783758086	1	480	482	411
Sat Jul 11 15:21:28 2026	1783758088	1	482	483	445
Sat Jul 11 15:21:26 2026	1783758086	2	482	484	432
Sat Jul 11 15:21:41 2026	1783758101	2	483	484	464
Sat Jul 11 15:21:25 2026	1783758085	1	484	485	472
Sat Jul 11 15:21:59 2026	1783758119	1	485	486	372
Sat Jul 11 15:21:27 2026	1783758087	0	486	486	382
Sat Jul 11 15:21:27 2026	1783758087	0	487	487	445
Sat Jul 11 15:21:24 2026	1783758084	1	486	487	405
Sat Jul 11 15:21:26 2026	1783758086	1	487	488	448
Sat Jul 11 15:21:35 2026	1783758095	2	487	488	423
Sat Jul 11 15:21:34 2026	1783758094	1	488	489	433
Sat Jul 11 15:21:55 2026	1783758115	1	488	489	434
Sat Jul 11 15:21:28 2026	1783758088	1	490	490	411
Sat Jul 11 15:21:28 2026	1783758088	1	490	491	454
Sat Jul 11 15:22:00 2026	1783758120	0	491	491	418
Sat Jul 11 15:21:33 2026	1783758093	2	490	491	436
Sat Jul 11 15:21:25 2026	1783758085	1	492	492	447
Sat Jul 11 15:21:25 2026	1783758085	1	491	492	411
Sat Jul 11 15:21:26 2026	1783758086	0	492	492	462
Sat Jul 11 15:21:28 2026	1783758088	0	493	493	402
Sat Jul 11 15:21:37 2026	1783758097	1	495	496	425
Sat Jul 11 15:21:35 2026	1783758095	1	495	497	445
Sat Jul 11 15:22:01 2026	1783758121	1	497	497	396
Sat Jul 11 15:21:56 2026	1783758116	1	497	497	446
Sat Jul 11 15:21:41 2026	1783758101	2	496	498	431
Sat Jul 11 15:21:26 2026	1783758086	2	498	500	448
Sat Jul 11 15:21:53 2026	1783758113	0	500	500	384
Sat Jul 11 15:21:26 2026	1783758086	0	502	502	394
Sat Jul 11 15:22:01 2026	1783758121	0	503	503	476
Sat Jul 11 15:21:24 2026	1783758084	2	501	503	423
Sat Jul 11 15:21:40 2026	1783758100	0	504	504	376
Sat Jul 11 15:21:37 2026	1783758097	1	504	505	426
Sat Jul 11 15:21:36 2026	1783758096	0	505	505	406
Sat Jul 11 15:21:35 2026	1783758095	1	506	506	482
Sat Jul 11 15:21:35 2026	1783758095	1	505	506	433
Sat Jul 11 15:21:58 2026	1783758118	0	507	507	429
Sat Jul 11 15:21:25 2026	1783758085	1	506	507	478
Sat Jul 11 15:21:25 2026	1783758085	1	506	507	440
Sat Jul 11 15:21:58 2026	1783758118	0	507	507	411
Sat Jul 11 15:21:26 2026	1783758086	0	507	507	411
Sat Jul 11 15:22:00 2026	1783758120	0	508	508	407
Sat Jul 11 15:22:01 2026	1783758121	2	506	508	420
Sat Jul 11 15:21:24 2026	1783758084	2	506	509	458
Sat Jul 11 15:21:45 2026	1783758105	1	508	509	409
Sat Jul 11 15:21:57 2026	1783758117	1	508	510	449
Sat Jul 11 15:21:41 2026	1783758101	0	510	510	449
Sat Jul 11 15:21:36 2026	1783758096	0	511	511	410
Sat Jul 11 15:21:36 2026	1783758096	1	510	512	395
Sat Jul 11 15:21:53 2026	1783758113	1	511	512	458
Sat Jul 11 15:21:25 2026	1783758085	0	512	512	420
Sat Jul 11 15:21:25 2026	1783758085	0	512	512	444
Sat Jul 11 15:21:33 2026	1783758093	3	512	515	461
Sat Jul 11 15:21:27 2026	1783758087	1	514	515	464
Sat Jul 11 15:22:01 2026	1783758121	1	515	516	473
Sat Jul 11 15:22:01 2026	1783758121	0	516	516	450
Sat Jul 11 15:21:37 2026	1783758097	1	515	516	452
Sat Jul 11 15:21:57 2026	1783758117	1	515	517	470
Sat Jul 11 15:21:53 2026	1783758113	1	517	517	436
Sat Jul 11 15:21:59 2026	1783758119	1	518	519	398
Sat Jul 11 15:21:24 2026	1783758084	2	519	520	416
Sat Jul 11 15:21:38 2026	1783758098	2	518	520	436
Sat Jul 11 15:21:34 2026	1783758094	2	523	525	481
Sat Jul 11 15:21:35 2026	1783758095	0	525	525	437
Sat Jul 11 15:22:01 2026	1783758121	1	524	525	473
Sat Jul 11 15:21:57 2026	1783758117	0	525	525	465
Sat Jul 11 15:21:35 2026	1783758095	1	526	527	437
Sat Jul 11 15:21:26 2026	1783758086	1	527	529	449
Sat Jul 11 15:21:36 2026	1783758096	2	527	529	453
Sat Jul 11 15:21:57 2026	1783758117	2	529	531	468
Sat Jul 11 15:21:26 2026	1783758086	0	532	532	468
Sat Jul 11 15:21:25 2026	1783758085	1	532	533	410
Sat Jul 11 15:21:26 2026	1783758086	1	533	534	431
Sat Jul 11 15:21:32 2026	1783758092	2	535	536	493
Sat Jul 11 15:21:32 2026	1783758092	2	535	537	475
Sat Jul 11 15:22:01 2026	1783758121	1	538	539	475
Sat Jul 11 15:21:58 2026	1783758118	2	538	540	409
Sat Jul 11 15:21:26 2026	1783758086	0	540	540	462
Sat Jul 11 15:21:36 2026	1783758096	2	538	540	493
Sat Jul 11 15:21:28 2026	1783758088	1	540	541	508
Sat Jul 11 15:22:01 2026	1783758121	0	541	541	488
Sat Jul 11 15:21:27 2026	1783758087	1	541	542	495
Sat Jul 11 15:21:25 2026	1783758085	1	542	542	444
Sat Jul 11 15:21:25 2026	1783758085	1	541	542	496
Sat Jul 11 15:21:55 2026	1783758115	1	542	543	421
Sat Jul 11 15:21:26 2026	1783758086	2	542	544	468
Sat Jul 11 15:21:26 2026	1783758086	4	541	545	478
Sat Jul 11 15:21:25 2026	1783758085	1	544	545	487
Sat Jul 11 15:21:57 2026	1783758117	0	545	545	493
Sat Jul 11 15:21:32 2026	1783758092	1	545	546	441
Sat Jul 11 15:21:36 2026	1783758096	0	547	547	456
Sat Jul 11 15:21:24 2026	1783758084	2	545	548	470
Sat Jul 11 15:21:32 2026	1783758092	1	548	549	433
Sat Jul 11 15:21:58 2026	1783758118	2	548	550	469
Sat Jul 11 15:21:48 2026	1783758108	2	549	551	471
Sat Jul 11 15:21:32 2026	1783758092	0	552	552	459
Sat Jul 11 15:21:35 2026	1783758095	1	554	555	438
Sat Jul 11 15:21:58 2026	1783758118	0	555	555	503
Sat Jul 11 15:21:55 2026	1783758115	2	559	561	490
Sat Jul 11 15:21:32 2026	1783758092	1	561	562	516
Sat Jul 11 15:21:26 2026	1783758086	2	561	563	482
Sat Jul 11 15:21:58 2026	1783758118	0	568	568	495
Sat Jul 11 15:21:37 2026	1783758097	2	568	570	501
Sat Jul 11 15:21:45 2026	1783758105	0	572	572	501
Sat Jul 11 15:21:22 2026	1783758082	0	574	574	279
Sat Jul 11 15:21:55 2026	1783758115	1	581	582	529
Sat Jul 11 15:21:27 2026	1783758087	1	582	583	525
Sat Jul 11 15:21:32 2026	1783758092	0	584	584	508
Sat Jul 11 15:21:58 2026	1783758118	2	584	586	513
Sat Jul 11 15:21:34 2026	1783758094	1	585	587	501
Sat Jul 11 15:21:26 2026	1783758086	0	587	587	489
Sat Jul 11 15:21:32 2026	1783758092	0	587	587	525
Sat Jul 11 15:21:22 2026	1783758082	0	587	587	265
Sat Jul 11 15:21:34 2026	1783758094	1	588	589	530
Sat Jul 11 15:21:57 2026	1783758117	0	598	598	556
Sat Jul 11 15:21:34 2026	1783758094	1	598	599	515
Sat Jul 11 15:21:58 2026	1783758118	1	600	601	565
Sat Jul 11 15:21:34 2026	1783758094	2	600	602	489
Sat Jul 11 15:21:22 2026	1783758082	2	603	605	521
Sat Jul 11 15:21:22 2026	1783758082	1	605	606	276
Sat Jul 11 15:21:25 2026	1783758085	4	604	608	549
Sat Jul 11 15:21:34 2026	1783758094	1	610	611	529
Sat Jul 11 15:21:22 2026	1783758082	1	616	616	573
Sat Jul 11 15:21:30 2026	1783758090	2	616	618	537
Sat Jul 11 15:21:34 2026	1783758094	0	625	625	550
Sat Jul 11 15:21:22 2026	1783758082	1	635	636	578
Sat Jul 11 15:21:30 2026	1783758090	1	649	650	516
Sat Jul 11 15:21:30 2026	1783758090	1	653	654	552
Sat Jul 11 15:21:57 2026	1783758117	0	656	656	537
Sat Jul 11 15:21:58 2026	1783758118	1	656	657	594
Sat Jul 11 15:21:32 2026	1783758092	1	659	660	561
Sat Jul 11 15:21:22 2026	1783758082	3	658	661	641
Sat Jul 11 15:21:22 2026	1783758082	0	662	662	628
Sat Jul 11 15:21:32 2026	1783758092	1	667	668	567
Sat Jul 11 15:21:29 2026	1783758089	2	677	678	345
Sat Jul 11 15:21:22 2026	1783758082	2	678	680	613
Sat Jul 11 15:21:22 2026	1783758082	1	680	681	666
Sat Jul 11 15:21:32 2026	1783758092	2	701	703	611
Sat Jul 11 15:21:31 2026	1783758091	1	745	746	684
Sat Jul 11 15:21:31 2026	1783758091	2	818	820	722
Sat Jul 11 15:21:30 2026	1783758090	1	829	830	761
Sat Jul 11 15:21:30 2026	1783758090	3	832	834	777
Sat Jul 11 15:21:31 2026	1783758091	1	865	866	814
Sat Jul 11 15:21:30 2026	1783758090	2	887	889	799
Sat Jul 11 15:21:31 2026	1783758091	0	902	902	818
Sat Jul 11 15:21:31 2026	1783758091	0	911	911	780
Sat Jul 11 15:21:30 2026	1783758090	0	914	914	805
Sat Jul 11 15:21:31 2026	1783758091	3	918	920	776
Sat Jul 11 15:21:30 2026	1783758090	1	919	920	860
Sat Jul 11 15:21:30 2026	1783758090	0	932	932	839
Sat Jul 11 15:21:30 2026	1783758090	2	950	951	873
Sat Jul 11 15:21:31 2026	1783758091	1	957	958	900
Sat Jul 11 15:21:31 2026	1783758091	0	966	966	892
Sat Jul 11 15:21:30 2026	1783758090	1	1046	1047	997
Sat Jul 11 15:21:31 2026	1783758091	0	1049	1049	948
Sat Jul 11 15:21:31 2026	1783758091	1	1050	1050	985
Sat Jul 11 15:21:30 2026	1783758090	2	1126	1128	1007
Sat Jul 11 15:21:30 2026	1783758090	1	1143	1144	1065
